04121-100-001,3706  HWY 98   101 MEXICO BEACH 32410,CONDOMINIU (000400),101,1,1950,3,3,2007
04121-100-004,3706  HWY 98   104 MEXICO BEACH 32410,CONDOMINIU (000400),104,1,1950,3,3,2007
04121-100-005,3706  HWY 98   201 MEXICO BEACH 32410,CONDOMINIU (000400),201,2,1795,3,2,2007
04121-100-006,3706  HWY 98   202 MEXICO BEACH 32410,CONDOMINIU (000400),202,4,1195,2,2,2007
04121-100-007,3706  HWY 98   203 MEXICO BEACH 32410,CONDOMINIU (000400),203,2,1195,2,2,2007
04121-100-008,3706  HWY 98   204 MEXICO BEACH 32410,CONDOMINIU (000400),204,2,1795,3,2,2007
04121-100-009,3706  HWY 98   302 MEXICO BEACH 32410,CONDOMINIU (000400),302,3,1795,3,2,2007
04121-100-010,3706  HWY 98   302 MEXICO BEACH 32410,CONDOMINIU (000400),302,3,1195,2,2,2007
04121-100-011,3706  HWY 98   303 MEXICO BEACH 32410,CONDOMINIU (000400),303,3,1195,2,2,2007
04121-100-012,3706  HWY 98   304 MEXICO BEACH 32410,CONDOMINIU (000400),304,3,1795,3,2,2007
04121-100-013,3706  HWY 98   401 MEXICO BEACH 32410,CONDOMINIU (000400),401,4,1795,3,2,2007
04121-100-014,3706  HWY 98   402 MEXICO BEACH 32410,CONDOMINIU (000400),402,4,1195,2,2,2007
04121-100-015,3706  HWY 98   403 MEXICO BEACH 32410,CONDOMINIU (000400),403,4,1195,2,2,2007
04121-100-016,3706  HWY 98   404 MEXICO BEACH 32410,CONDOMINIU (000400),404,4,1795,3,2,2007
04172-150-001,1302  HWY 98   1A MEXICO BEACH 32410,CONDOMINIU (000400),1A,1,1221,2,2,2007
04172-150-002,1302  HWY 98   2A MEXICO BEACH 32410,CONDOMINIU (000400),2A,1,1221,2,2,2007
04172-150-003,1302  HWY 98   1B MEXICO BEACH 32410,CONDOMINIU (000400),1B,1,1190,2,2,2007
04172-150-004,1302  HWY 98   2B MEXICO BEACH 32410,CONDOMINIU (000400),2B,2,1190,2,2,2007
04172-150-005,1302  HWY 98   1C MEXICO BEACH 32410,CONDOMINIU (000400),1C,1,1190,2,2,2007
04172-150-006,1302  HWY 98   2C MEXICO BEACH 32410,CONDOMINIU (000400),2C,2,1190,2,2,2007
04172-150-007,1302  HWY 98   1D MEXICO BEACH 32410,CONDOMINIU (000400),1D,1,1191,2,2,2007
04172-150-008,1302  HWY 98   2D MEXICO BEACH 32410,CONDOMINIU (000400),2D,2,1191,2,2,2007
04172-150-009,1302  HWY 98   3A MEXICO BEACH 32410,CONDOMINIU (000400),3A,3,1546,3,2,2007
04172-150-010,1302  HWY 98   3B MEXICO BEACH 32410,CONDOMINIU (000400),3B,1,1482,3,2,2007
04172-150-011,1302  HWY 98   3C MEXICO BEACH 32410,CONDOMINIU (000400),3C,3,1511,3,2,2007
04172-150-012,1302  HWY 98   3E MEXICO BEACH 32410,CONDOMINIU (000400),3E,3,1358,2,2,2007
04172-150-013,1302  HWY 98   3F MEXICO BEACH 32410,CONDOMINIU (000400),3F,3,1541,3,2,2007
04172-150-014,1302  HWY 98   3G MEXICO BEACH 32410,CONDOMINIU (000400),3G,3,1488,3,2,2007
04172-150-015,1302  HWY 98   4A MEXICO BEACH 32410,CONDOMINIU (000400),4A,4,1454,3,2,2007
04172-150-016,1302  HWY 98   4B MEXICO BEACH 32410,CONDOMINIU (000400),4B,4,1624,3,2,2007
04172-150-017,1302  HWY 98   4C MEXICO BEACH 32410,CONDOMINIU (000400),4C,4,1553,3,2,2007
04172-150-018,1302  HWY 98   4D MEXICO BEACH 32410,CONDOMINIU (000400),4D,4,1611,4,2,2007
04172-150-019,1302  HWY 98   1G MEXICO BEACH 32410,CONDOMINIU (000400),1G,1,1552,3,3,2007
04172-150-020,1302  HWY 98   2G MEXICO BEACH 32410,CONDOMINIU (000400),2G,2,1552,3,3,2007
04172-150-021,1302  HWY 98   1H MEXICO BEACH 32410,CONDOMINIU (000400),1H,1,1552,3,3,2007
04172-150-022,1302  HWY 98   2H MEXICO BEACH 32410,CONDOMINIU (000400),2H,2,1552,3,3,2007
04172-150-023,1302  HWY 98   1E MEXICO BEACH 32410,CONDOMINIU (000400),1E,1,1553,3,2,2007
04172-150-024,1302  HWY 98   2E MEXICO BEACH 32410,CONDOMINIU (000400),2E,2,1553,3,2,2007
04172-150-025,1302  HWY 98   3D MEXICO BEACH 32410,CONDOMINIU (000400),3D,3,1553,3,2,2007
04172-150-026,1302  HWY 98   1N MEXICO BEACH 32410,CONDOMINIU (000400),1N,1,1553,3,2,2007
04172-150-027,1302  HWY 98   2N MEXICO BEACH 32410,CONDOMINIU (000400),2N,2,1553,3,2,2007
04172-150-028,1302  HWY 98   1F MEXICO BEACH 32410,CONDOMINIU (000400),1F,1,1691,3,3,2007
04172-150-029,1302  HWY 98   2F MEXICO BEACH 32410,CONDOMINIU (000400),2F,2,1691,3,3,2007
04172-150-030,1302  HWY 98   1K MEXICO BEACH 32410,CONDOMINIU (000400),1K,1,1464,3,2,2007
04172-150-031,1302  HWY 98   2K MEXICO BEACH 32410,CONDOMINIU (000400),2K,2,1464,3,2,2007
04172-150-032,1302  HWY 98   3J MEXICO BEACH 32410,CONDOMINIU (000400),3J,3,1464,3,2,2007
04172-150-033,1302  HWY 98   1L MEXICO BEACH 32410,CONDOMINIU (000400),1L,1,1464,3,2,2007
04172-150-034,1302  HWY 98   2L MEXICO BEACH 32410,CONDOMINIU (000400),2L,2,1464,3,2,2007
04172-150-035,1302  HWY 98   3K MEXICO BEACH 32410,CONDOMINIU (000400),3K,3,1464,3,2,2007
04172-150-036,1302  HWY 98   1J MEXICO BEACH 32410,CONDOMINIU (000400),1J,1,1332,2,2,2007
04172-150-037,1302  HWY 98   2J MEXICO BEACH 32410,CONDOMINIU (000400),2J,2,1332,2,2,2007
04172-150-038,1302  HWY 98   1M MEXICO BEACH 32410,CONDOMINIU (000400),1M,1,1332,2,2,2007
04172-150-039,1302  HWY 98   2M MEXICO BEACH 32410,CONDOMINIU (000400),2M,2,1332,2,2,2007
04172-150-040,1302  HWY 98   1P MEXICO BEACH 32410,CONDOMINIU (000400),1P,1,1490,3,2,2007
04172-150-041,1302  HWY 98   2P MEXICO BEACH 32410,CONDOMINIU (000400),2P,2,1490,3,2,2007
04172-150-042,1302  HWY 98   1Q MEXICO BEACH 32410,CONDOMINIU (000400),1Q,1,1412,3,2,2007
04172-150-043,1302  HWY 98   2Q MEXICO BEACH 32410,CONDOMINIU (000400),2Q,2,1412,3,2,2007
04172-150-044,1302  HWY 98   3H MEXICO BEACH 32410,CONDOMINIU (000400),3H,3,1176,2,2,2007
04172-150-045,1302  HWY 98   3L MEXICO BEACH 32410,CONDOMINIU (000400),3L,3,1176,2,2,2007
04172-150-046,1302  HWY 98   3P MEXICO BEACH 32410,CONDOMINIU (000400),3P,3,1148,2,2,2007
04172-150-047,1302  HWY 98   3N MEXICO BEACH 32410,CONDOMINIU (000400),3N,3,1296,2,2,2007
04172-150-048,1302  HWY 98   3M MEXICO BEACH 32410,CONDOMINIU (000400),3M,3,1488,3,2,2007
04172-200-001,800  HWY 98   100 MEXICO BEACH 32410,CONDOMINIU (000400),100,1,1864,3,3,2007
04172-200-002,800  HWY 98   101 MEXICO BEACH 32456,CONDOMINIU (000400),ï¿½ 101,1,1599,2,2,2007
04172-200-003,800  HWY 98   102 MEXICO BEACH 32410,CONDOMINIU (000400),102,1,1599,2,2,2007
04172-200-004,800  HWY 98   103 MEXICO BEACH 32410,CONDOMINIU (000400),103,1,1917,3,3,2007
04172-200-006,800  HWY 98   105 MEXICO BEACH 32410,CONDOMINIU (000400),105,1,1662,2,2,2007
04172-200-007,800  HWY 98   106 MEXICO BEACH 32410,CONDOMINIU (000400),106,1,1662,2,2,2007
04172-200-008,800  HWY 98   107 MEXICO BEACH 32410,CONDOMINIU (000400),107,1,1006,1,2,2007
04172-200-009,800  HWY 98   108 MEXICO BEACH 32410,CONDOMINIU (000400),108,1,1917,3,3,2007
04172-200-010,800  HWY 98   109 MEXICO BEACH 32410,CONDOMINIU (000400),109,1,1599,2,2,2007
04172-200-011,800  HWY 98   110 MEXICO BEACH 32410,CONDOMINIU (000400),110,1,1599,2,2,2007
04172-200-012,800  HWY 98   111 MEXICO BEACH 32410,CONDOMINIU (000400),111,1,1814,2,2,2007
04172-200-013,800  HWY 98   200 MEXICO BEACH 32410,CONDOMINIU (000400),200,1,1864,3,3,2007
04172-200-014,800  HWY 98   201 MEXICO BEACH 32410,CONDOMINIU (000400),201,2,1599,2,2,2007
04172-200-015,800  HWY 98   202 MEXICO BEACH 32410,CONDOMINIU (000400),202,2,1599,2,2,2007
04172-200-016,800  HWY 98   203 MEXICO BEACH 32410,CONDOMINIU (000400),203,2,1917,3,3,2007
04172-200-017,800  HWY 98   204 MEXICO BEACH 32410,CONDOMINIU (000400),204,2,1006,1,2,2007
04172-200-018,800  HWY 98   205 MEXICO BEACH 32410,CONDOMINIU (000400),205,2,1662,2,2,2007
04172-200-019,800  HWY 98   206 MEXICO BEACH 32410,CONDOMINIU (000400),206,2,1662,2,2,2007
04172-200-020,800  HWY 98   207 MEXICO BEACH 32410,CONDOMINIU (000400),207,2,1006,2,2,2007
04172-200-021,800  HWY 98   208 MEXICO BEACH 32410,CONDOMINIU (000400),208,2,1917,3,3,2007
04172-200-022,800  HWY 98   209 MEXICO BEACH 32410,CONDOMINIU (000400),209,2,1599,2,2,2007
04172-200-023,800  HWY 98   210 MEXICO BEACH 32410,CONDOMINIU (000400),210,2,1599,2,2,2007
04172-200-024,800  HWY 98   211 MEXICO BEACH 32410,CONDOMINIU (000400),211,2,1814,3,3,2007
04172-200-025,800  HWY 98   300 MEXICO BEACH 32410,CONDOMINIU (000400),300,3,1864,3,3,2007
04172-200-026,800  HWY 98   301 MEXICO BEACH 32410,CONDOMINIU (000400),301,3,1599,2,2,2007
04172-200-027,800  HWY 98   302 MEXICO BEACH 32410,CONDOMINIU (000400),302,3,1599,2,2,2007
04172-200-028,800  HWY 98   303 MEXICO BEACH 32410,CONDOMINIU (000400),303,3,1917,3,3,2007
04172-200-029,800  HWY 98   304 MEXICO BEACH 32410,CONDOMINIU (000400),304,3,1006,1,2,2007
04172-200-030,800  HWY 98   305 MEXICO BEACH 32456,CONDOMINIU (000400),305,3,1662,2,2,2007
04172-200-031,800  HWY 98   306 MEXICO BEACH 32410,CONDOMINIU (000400),306,3,1662,2,2,2007
04172-200-032,800  HWY 98   307 MEXICO BEACH 32410,CONDOMINIU (000400),307,3,1006,1,2,2007
04172-200-033,800  HWY 98   308 MEXICO BEACH 32410,CONDOMINIU (000400),308,3,1917,3,3,2007
04172-200-034,800  HWY 98   309 MEXICO BEACH 32410,CONDOMINIU (000400),309,2,1599,2,2,2007
04172-200-035,800  HWY 98   310 MEXICO BEACH 32410,CONDOMINIU (000400),310,3,1599,2,2,2007
04172-200-036,800  HWY 98   311 MEXICO BEACH 32410,CONDOMINIU (000400),311,3,1814,3,3,2007
04172-200-037,800  HWY 98   400 MEXICO BEACH 32410,CONDOMINIU (000400),400,4,1864,3,3,2007
04172-200-038,800  HWY 98   401 MEXICO BEACH 32410,CONDOMINIU (000400),401,4,1599,2,2,2007
04172-200-039,800  HWY 98   402 MEXICO BEACH 32410,CONDOMINIU (000400),402,4,1599,2,2,2007
04172-200-040,800  HWY 98   403 MEXICO BEACH 32410,CONDOMINIU (000400),403,4,1917,3,3,2007
04172-200-041,800  HWY 98   404 MEXICO BEACH 32410,CONDOMINIU (000400),404,4,1006,1,2,2007
04172-200-042,800  HWY 98   405 MEXICO BEACH 32410,CONDOMINIU (000400),405,4,1662,2,2,2007
04172-200-043,800  HWY 98   406 MEXICO BEACH 32410,CONDOMINIU (000400),406,4,1662,2,2,2007
04172-200-044,800  HWY 98   407 MEXICO BEACH 32410,CONDOMINIU (000400),407,4,1006,1,2,2007
04172-200-045,800  HWY 98   408 MEXICO BEACH 32410,CONDOMINIU (000400),408,4,1917,3,3,2007
04172-200-046,800  HWY 98   409 MEXICO BEACH 32410,CONDOMINIU (000400),409,4,1599,2,2,2007
04172-200-047,800  HWY 98   410 MEXICO BEACH 32410,CONDOMINIU (000400),410,4,1599,2,2,2007
04172-200-048,800  HWY 98   411 MEXICO BEACH 32410,CONDOMINIU (000400),411,4,1814,3,3,2007
04172-100-001,2202  HWY 98   101 MEXICO BEACH 32410,CONDOMINIU (000400),101,1,1727,3,3,2008
04172-100-002,2202  HWY 98   201 MEXICO BEACH 32410,CONDOMINIU (000400),201,2,1619,2,2,2008
04172-100-003,2202  HWY 98   301 MEXICO BEACH 32410,CONDOMINIU (000400),301,3,1727,3,3,2008
04172-100-004,2202  HWY 98   401 MEXICO BEACH 32410,CONDOMINIU (000400),401,4,1727,3,3,2008
04172-100-005,2202  HWY 98   102 MEXICO BEACH 32410,CONDOMINIU (000400),102,1,1201,2,2,2008
04172-100-006,2202  HWY 98   202 MEXICO BEACH 32410,CONDOMINIU (000400),202,2,1201,2,2,2008
04172-100-007,2202  HWY 98   302 MEXICO BEACH 32410,CONDOMINIU (000400),302,3,1201,2,2,2008
04172-100-008,2202  HWY 98   402 MEXICO BEACH 32410,CONDOMINIU (000400),402,4,1201,2,2,2008
04172-100-009,2202  HWY 98   103 MEXICO BEACH 32410,CONDOMINIU (000400),103,1,1279,2,2,2008
04172-100-010,2202  HWY 98   203 MEXICO BEACH 32410,CONDOMINIU (000400),203,2,1279,2,2,2008
04172-100-011,2202  HWY 98   303 MEXICO BEACH 32410,CONDOMINIU (000400),303,3,1279,2,2,2008
04172-100-012,2202  HWY 98   403 MEXICO BEACH 32410,CONDOMINIU (000400),403,4,1279,2,2,2008
04172-100-013,2202  HWY 98   104 MEXICO BEACH 32410,CONDOMINIU (000400),104,1,1416,3,2,2008
04172-100-014,2202  HWY 98   204 MEXICO BEACH 32410,CONDOMINIU (000400),204,2,1416,3,2,2008
04172-100-015,2202  HWY 98   304 MEXICO BEACH 32410,CONDOMINIU (000400),304,3,1416,3,2,2008
04172-100-016,2202  HWY 98   404 MEXICO BEACH 32410,CONDOMINIU (000400),404,4,1416,3,2,2008
04172-100-017,2202  HWY 98   105 MEXICO BEACH 32410,CONDOMINIU (000400),105,1,1433,3,2,2008
04172-100-018,2202  HWY 98   205 MEXICO BEACH 32410,CONDOMINIU (000400),205,2,1433,3,2,2008
04172-100-019,2202  HWY 98   305 MEXICO BEACH 32410,CONDOMINIU (000400),305,3,1433,3,2,2008
04172-100-020,2202  HWY 98   405 MEXICO BEACH 32410,CONDOMINIU (000400),405,4,1433,3,2,2008
04172-100-021,2202  HWY 98   106 MEXICO BEACH 32410,CONDOMINIU (000400),106,1,1433,3,2,2008
04172-100-022,2202  HWY 98   206 MEXICO BEACH 32410,CONDOMINIU (000400),206,2,1433,3,2,2008
04172-100-023,2202  HWY 98   306 MEXICO BEACH 32410,CONDOMINIU (000400),308,3,1433,3,2,2008
04172-100-024,2202  HWY 98   406 MEXICO BEACH 32410,CONDOMINIU (000400),406,4,1433,3,2,2008
04172-100-025,2202  HWY 98   107 MEXICO BEACH 32410,CONDOMINIU (000400),107,1,1416,3,2,2008
04172-100-026,2202  HWY 98   207 MEXICO BEACH 32410,CONDOMINIU (000400),207,2,1416,3,2,2008
04172-100-027,2202  HWY 98   307 MEXICO BEACH 32410,CONDOMINIU (000400),307,3,1416,3,2,2008
04172-100-028,2202  HWY 98   407 MEXICO BEACH 32410,CONDOMINIU (000400),407,4,1416,3,2,2008
04172-100-029,2202  HWY 98   108 MEXICO BEACH 32410,CONDOMINIU (000400),108,1,1279,2,2,2008
04172-100-030,2202  HWY 98   208 MEXICO BEACH 32410,CONDOMINIU (000400),208,2,1279,2,2,2008
04172-100-031,2202  HWY 98   308 MEXICO BEACH 32456,CONDOMINIU (000400),308,3,1279,2,2,2008
04172-100-032,2202  HWY 98   408 MEXICO BEACH 32410,CONDOMINIU (000400),408,4,1279,2,2,2008
04172-100-033,2202  HWY 98   109 MEXICO BEACH 32410,CONDOMINIU (000400),109,1,1201,2,2,2008
04172-100-034,2202  HWY 98   209 MEXICO BEACH 32410,CONDOMINIU (000400),209,2,1201,2,2,2008
04172-100-035,2202  HWY 98   309 MEXICO BEACH 32410,CONDOMINIU (000400),309,3,1201,2,2,2008
04172-100-036,2202  HWY 98   409 MEXICO BEACH 32410,CONDOMINIU (000400),409,4,1201,2,2,2008
04172-100-037,2202  HWY 98   110 MEXICO BEACH 32410,CONDOMINIU (000400),110,1,1727,3,3,2008
04172-100-038,2202  HWY 98   210 MEXICO BEACH 32410,CONDOMINIU (000400),210,2,1727,3,3,2008
04172-100-039,2202  HWY 98   310 MEXICO BEACH 32410,CONDOMINIU (000400),310,3,1727,3,3,2008
04172-100-040,2202  HWY 98   410 MEXICO BEACH 32410,CONDOMINIU (000400),410,4,1727,3,3,2008
04172-250-002,3300  HWY 98   105 MEXICO BEACH 32410,CONDOMINIU (000400),102,1,1529,3,3,2007
04172-250-003,3300  HWY 98   106 MEXICO BEACH 32410,CONDOMINIU (000400),103,1,1019,2,2,2007
04172-250-004,3300  HWY 98   107 MEXICO BEACH 32410,CONDOMINIU (000400),104,1,1019,2,2,2007
04172-250-005,3300  HWY 98   108 MEXICO BEACH 32410,CONDOMINIU (000400),105,1,1019,2,2,2007
04172-250-006,3300  HWY 98   109 MEXICO BEACH 32410,CONDOMINIU (000400),106,1,1019,2,2,2007
04172-250-007,3300  HWY 98   110 MEXICO BEACH 32410,CONDOMINIU (000400),107,1,1019,2,2,2007
04172-250-008,3300  HWY 98   111 MEXICO BEACH 32410,CONDOMINIU (000400),108,1,1019,2,2,2007
04172-250-009,3300  HWY 98   112 MEXICO BEACH 32410,CONDOMINIU (000400),109,1,1529,3,3,2007
04172-250-010,3300  HWY 98   103 MEXICO BEACH 32410,CONDOMINIU (000400),110,1,1529,3,3,2007
04172-250-011,3300  HWY 98   102 MEXICO BEACH 32410,CONDOMINIU (000400),111,1,1019,2,2,2007
04172-250-012,3300  HWY 98   101 MEXICO BEACH 32410,CONDOMINIU (000400),112,1,1019,2,2,2007
04172-250-013,3300  HWY 98   100 MEXICO BEACH 32410,CONDOMINIU (000400),113,1,1529,3,3,2007
04172-250-014,3300  HWY 98   204 MEXICO BEACH 32410,CONDOMINIU (000400),201,2,1019,2,2,2007
04172-250-015,3300  HWY 98   205 MEXICO BEACH 32410,CONDOMINIU (000400),202,2,1529,3,3,2007
04172-250-016,3300  HWY 98   206 MEXICO BEACH 32410,CONDOMINIU (000400),203,2,1019,2,2,2007
04172-250-017,3300  HWY 98   207 MEXICO BEACH 32410,CONDOMINIU (000400),204,2,1019,2,2,2007
04172-250-018,3300  HWY 98   208 MEXICO BEACH 32410,CONDOMINIU (000400),205,2,1019,2,2,2007
04172-250-019,3300  HWY 98   209 MEXICO BEACH 32410,CONDOMINIU (000400),206,2,1019,2,2,2007
04172-250-020,3300  HWY 98   210 MEXICO BEACH 32410,CONDOMINIU (000400),207,2,1019,2,2,2007
04172-250-021,3300  HWY 98   211 MEXICO BEACH 32410,CONDOMINIU (000400),208,2,1019,2,2,2007
04172-250-022,3300  HWY 98   212 MEXICO BEACH 32410,CONDOMINIU (000400),209,2,1529,3,3,2007
04172-250-023,3300  HWY 98   203 MEXICO BEACH 32456,CONDOMINIU (000400),210,2,1529,3,3,2007
04172-250-024,3300  HWY 98   202 MEXICO BEACH 32410,CONDOMINIU (000400),211,2,1019,2,2,2007
04172-250-025,3300  HWY 98   201 MEXICO BEACH 32410,CONDOMINIU (000400),212,2,1019,2,2,2007
04172-250-026,3300  HWY 98   200 MEXICO BEACH 32410,CONDOMINIU (000400),213,2,1529,3,3,2007
04172-250-027,3300  HWY 98   304 MEXICO BEACH 32410,CONDOMINIU (000400),301,3,1019,2,2,2007
04172-250-028,3300  HWY 98   305 MEXICO BEACH 32410,CONDOMINIU (000400),302,3,1529,3,3,2007
04172-250-029,3300  HWY 98   306 MEXICO BEACH 32410,CONDOMINIU (000400),303,3,1019,2,2,2007
04172-250-030,3300  HWY 98   307 MEXICO BEACH 32410,CONDOMINIU (000400),304,3,1019,2,2,2007
04172-250-031,3300  HWY 98   308 MEXICO BEACH 32410,CONDOMINIU (000400),305,3,1019,2,2,2007
04172-250-032,3300  HWY 98   309 MEXICO BEACH 32410,CONDOMINIU (000400),306,3,1019,2,2,2007
04172-250-033,3300  HWY 98   310 MEXICO BEACH 32410,CONDOMINIU (000400),307,3,1019,2,2,2007
04172-250-034,3300  HWY 98   311 MEXICO BEACH 32410,CONDOMINIU (000400),308,3,1019,2,2,2007
04172-250-035,3300  HWY 98   312 MEXICO BEACH 32410,CONDOMINIU (000400),309,3,1529,3,3,2007
04172-250-036,3300  HWY 98   303 MEXICO BEACH 32410,CONDOMINIU (000400),310,3,1529,3,3,2007
04172-250-037,3300  HWY 98   302 MEXICO BEACH 32410,CONDOMINIU (000400),311,3,1019,2,2,2007
04172-250-038,3300  HWY 98   301 MEXICO BEACH 32410,CONDOMINIU (000400),312,3,1019,2,2,2007
04172-250-039,3300  HWY 98   300 MEXICO BEACH 32410,CONDOMINIU (000400),313,3,1529,3,3,2007
04172-250-040,3300  HWY 98   404 MEXICO BEACH 32410,CONDOMINIU (000400),401,4,1019,2,2,2007
04172-250-041,3300  HWY 98   405 MEXICO BEACH 32410,CONDOMINIU (000400),402,4,1529,3,3,2007
04172-250-042,3300  HWY 98   406 MEXICO BEACH 32410,CONDOMINIU (000400),403,4,1019,2,2,2007
04172-250-043,3300  HWY 98   407 MEXICO BEACH 32410,CONDOMINIU (000400),404,4,1019,2,2,2007
04172-250-044,3300  HWY 98   408 MEXICO BEACH 32410,CONDOMINIU (000400),405,4,1019,2,2,2007
04172-250-045,3300  HWY 98   409 MEXICO BEACH 32410,CONDOMINIU (000400),406,4,1019,2,2,2007
04172-250-046,3300  HWY 98   410 MEXICO BEACH 32410,CONDOMINIU (000400),407,4,1019,2,2,2007
04172-250-047,3300  HWY 98   411 MEXICO BEACH 32410,CONDOMINIU (000400),408,4,1019,2,2,2007
04172-250-048,3300  HWY 98   412 MEXICO BEACH 32410,CONDOMINIU (000400),409,4,1529,3,3,2007
04172-250-049,3300  HWY 98   403 MEXICO BEACH 32410,CONDOMINIU (000400),410,4,1529,3,3,2007
04172-250-050,3300  HWY 98   402 MEXICO BEACH 32410,CONDOMINIU (000400),411,4,1019,2,2,2007
04172-250-051,3300  HWY 98   401 MEXICO BEACH 32410,CONDOMINIU (000400),412,4,1019,2,2,2007
